domain,sentiment_mean,sentiment_std,subjectivity_mean,subjectivity_std,counting
www.ynet.co.il,0.05295436947875972,0.1511348590755611,0.4045581248020272,0.2088986589578179,41.0
