domain,sentiment_mean,sentiment_std,subjectivity_mean,subjectivity_std,counting
www.ynet.co.il,0.03428487425273139,0.15087329387294002,0.3748748067408782,0.2158487549222859,50.0
