domain,sentiment_mean,sentiment_std,subjectivity_mean,subjectivity_std,counting
www.ynet.co.il,0.042804192720859384,0.14870222214667275,0.3861536195286195,0.21096833020012953,45.0
