domain,sentiment_mean,sentiment_std,subjectivity_mean,subjectivity_std,counting
www.ynet.co.il,0.033506014960096586,0.152335195511619,0.37546575448361164,0.21804471913026802,49.0
