domain,sentiment_mean,sentiment_std,subjectivity_mean,subjectivity_std,counting
www.ynet.co.il,0.05427822871572872,0.15281927953728702,0.41217207792207794,0.20571772083195597,40.0
