domain,sentiment_mean,sentiment_std,subjectivity_mean,subjectivity_std,counting
www.ynet.co.il,0.03361262181640333,0.14943407870440636,0.3675243203341943,0.2200326872822038,51.0
