domain,sentiment_mean,sentiment_std,subjectivity_mean,subjectivity_std,counting
www.ynet.co.il,0.04114850138287638,0.14414191395096373,0.37287129103535355,0.21958646337063512,48.0
