domain,sentiment_mean,sentiment_std,subjectivity_mean,subjectivity_std,counting
www.ynet.co.il,0.05169355115783687,0.14950383179029958,0.39492578849721705,0.21557164080000066,42.0
