domain,sentiment_mean,sentiment_std,subjectivity_mean,subjectivity_std,counting
www.ynet.co.il,0.042937566660392744,0.14704347510989965,0.38908308629776023,0.20955509881007764,46.0
